{
    "netuid": 122,
    "name": ": gamma_small",
    "owner": "5F3uH1G4QNyT8UR6D2Zf2zmXa6WAxYC3MfaiSGgg5pScWfY9",
    "owner_identity": "",
    "rate": 0.014965818,
    "emission": 0.0,
    "tao_pool": 1702.279512065,
    "alpha_pool": 113744.39137604,
    "tempo": {
        "block_since_last_step": 147,
        "tempo": 360
    },
    "registration_cost": 0.999999999,
    "uids": [
        {
            "uid": 0,
            "stake": 656516.103757404,
            "alpha_stake": 45269.662505808,
            "tao_stake": 611246.441472978,
            "dividends": 0.6191653315022507,
            "incentive": 1.0,
            "emissions": 239.655413267,
            "hotkey": "5CfPqfaz6L11nu7yX7LKXFwg3KZkuKCiyvYFDW9N34dnJyYB",
            "coldkey": "5F3uH1G4QNyT8UR6D2Zf2zmXa6WAxYC3MfaiSGgg5pScWfY9",
            "identity": "(*Owner controlled)"
        },
        {
            "uid": 1,
            "stake": 403838.872814371,
            "alpha_stake": 32717.384892653,
            "tao_stake": 371121.488056131,
            "dividends": 0.3808194094758526,
            "incentive": 0.0,
            "emissions": 56.366238557,
            "hotkey": "5E2LP6EnZ54m3wS8s1yPvD5c3xo71kQroBw7aUVK32TKeZ5u",
            "coldkey": "5GsbTgfvgCH4xdqSkiPb7EaBBFLHjWH5vfEALhJaewSFpZX9",
            "identity": "tao.bot"
        }
    ]
}